<?xml version='1.0' encoding='utf-8' ?>
<!DOCTYPE document SYSTEM "file:///C:/Xilinx/14.7/ISE_DS/ISE/xc9500/data/xmlReport9k.dtd">
<document><ascFile>Prog00.rpt</ascFile><devFile>C:/Xilinx/14.7/ISE_DS/ISE/xc9500/data/xc9572.chp</devFile><mfdFile>Prog00.mfd</mfdFile><htmlFile logic_legend="logiclegend.htm" logo="xc9500_logo.jpg" pin_legend="pinlegend.htm"/><header date="12-19-2018" design="Prog00" device="XC9572" eqnType="1" pkg="PC44" speed="-7" status="1" statusStr="Successful" swVersion="P.20131013" time="  5:45PM" version="1.0"/><inputs id="Data_A" userloc="P3"/><inputs id="Data_B" userloc="P2"/><inputs id="Data_C" userloc="P1"/><pin id="FB1_MC2_PIN1" pinnum="1" signal="Data_C" use="I"/><pin id="FB1_MC5_PIN2" pinnum="2" signal="Data_B" use="I"/><pin id="FB1_MC6_PIN3" pinnum="3" signal="Data_A" use="I"/><pin id="FB1_MC8_PIN4" pinnum="4"/><pin id="FB1_MC9_PIN5" pinnum="5"/><pin id="FB1_MC11_PIN6" pinnum="6"/><pin id="FB1_MC14_PIN7" pinnum="7"/><pin id="FB1_MC15_PIN8" pinnum="8"/><pin id="FB1_MC17_PIN9" pinnum="9"/><pin id="FB2_MC2_PIN35" pinnum="35"/><pin id="FB2_MC5_PIN36" pinnum="36"/><pin id="FB2_MC6_PIN37" pinnum="37"/><pin id="FB2_MC8_PIN38" pinnum="38"/><pin id="FB2_MC9_PIN39" pinnum="39"/><pin id="FB2_MC11_PIN40" pinnum="40"/><pin id="FB2_MC14_PIN42" pinnum="42"/><pin id="FB2_MC15_PIN43" pinnum="43"/><pin id="FB2_MC17_PIN44" pinnum="44"/><pin id="FB3_MC2_PIN11" pinnum="11" signal="R_LSB" use="O"/><pin id="FB3_MC5_PIN12" pinnum="12" signal="R_MSB" use="O"/><pin id="FB3_MC8_PIN13" pinnum="13"/><pin id="FB3_MC9_PIN14" pinnum="14"/><pin id="FB3_MC11_PIN18" pinnum="18"/><pin id="FB3_MC14_PIN19" pinnum="19"/><pin id="FB3_MC15_PIN20" pinnum="20"/><pin id="FB3_MC17_PIN22" pinnum="22"/><pin id="FB4_MC2_PIN24" pinnum="24"/><pin id="FB4_MC5_PIN25" pinnum="25"/><pin id="FB4_MC8_PIN26" pinnum="26"/><pin id="FB4_MC9_PIN27" pinnum="27"/><pin id="FB4_MC11_PIN28" pinnum="28"/><pin id="FB4_MC14_PIN29" pinnum="29"/><pin id="FB4_MC15_PIN33" pinnum="33"/><pin id="FB4_MC17_PIN34" pinnum="34"/><fblock id="FB1" inputUse="0" pinUse="3"><macrocell id="FB1_MC1"/><macrocell id="FB1_MC2" pin="FB1_MC2_PIN1"/><macrocell id="FB1_MC3"/><macrocell id="FB1_MC4"/><macrocell id="FB1_MC5" pin="FB1_MC5_PIN2"/><macrocell id="FB1_MC6" pin="FB1_MC6_PIN3"/><macrocell id="FB1_MC7"/><macrocell id="FB1_MC8" pin="FB1_MC8_PIN4"/><macrocell id="FB1_MC9" pin="FB1_MC9_PIN5"/><macrocell id="FB1_MC10"/><macrocell id="FB1_MC11" pin="FB1_MC11_PIN6"/><macrocell id="FB1_MC12"/><macrocell id="FB1_MC13"/><macrocell id="FB1_MC14" pin="FB1_MC14_PIN7"/><macrocell id="FB1_MC15" pin="FB1_MC15_PIN8"/><macrocell id="FB1_MC16"/><macrocell id="FB1_MC17" pin="FB1_MC17_PIN9"/><macrocell id="FB1_MC18"/></fblock><fblock id="FB2" inputUse="0" pinUse="0"><macrocell id="FB2_MC1"/><macrocell id="FB2_MC2" pin="FB2_MC2_PIN35"/><macrocell id="FB2_MC3"/><macrocell id="FB2_MC4"/><macrocell id="FB2_MC5" pin="FB2_MC5_PIN36"/><macrocell id="FB2_MC6" pin="FB2_MC6_PIN37"/><macrocell id="FB2_MC7"/><macrocell id="FB2_MC8" pin="FB2_MC8_PIN38"/><macrocell id="FB2_MC9" pin="FB2_MC9_PIN39"/><macrocell id="FB2_MC10"/><macrocell id="FB2_MC11" pin="FB2_MC11_PIN40"/><macrocell id="FB2_MC12"/><macrocell id="FB2_MC13"/><macrocell id="FB2_MC14" pin="FB2_MC14_PIN42"/><macrocell id="FB2_MC15" pin="FB2_MC15_PIN43"/><macrocell id="FB2_MC16"/><macrocell id="FB2_MC17" pin="FB2_MC17_PIN44"/><macrocell id="FB2_MC18"/></fblock><fblock id="FB3" inputUse="3" pinUse="2"><macrocell id="FB3_MC1"/><macrocell id="FB3_MC2" pin="FB3_MC2_PIN11" sigUse="3" signal="R_LSB"><pterms pt1="FB3_2_1" pt2="FB3_2_2" pt3="FB3_2_3"/></macrocell><macrocell id="FB3_MC3"/><macrocell id="FB3_MC4"/><macrocell id="FB3_MC5" pin="FB3_MC5_PIN12" sigUse="3" signal="R_MSB"><pterms pt1="FB3_5_1" pt2="FB3_5_2" pt3="FB3_5_3"/></macrocell><macrocell id="FB3_MC6"/><macrocell id="FB3_MC7"/><macrocell id="FB3_MC8" pin="FB3_MC8_PIN13"/><macrocell id="FB3_MC9" pin="FB3_MC9_PIN14"/><macrocell id="FB3_MC10"/><macrocell id="FB3_MC11" pin="FB3_MC11_PIN18"/><macrocell id="FB3_MC12"/><macrocell id="FB3_MC13"/><macrocell id="FB3_MC14" pin="FB3_MC14_PIN19"/><macrocell id="FB3_MC15" pin="FB3_MC15_PIN20"/><macrocell id="FB3_MC16"/><macrocell id="FB3_MC17" pin="FB3_MC17_PIN22"/><macrocell id="FB3_MC18"/><fbinput id="FB3_I1" signal="Data_A"/><fbinput id="FB3_I2" signal="Data_B"/><fbinput id="FB3_I3" signal="Data_C"/><pterm id="FB3_2_1"><signal id="Data_A"/></pterm><pterm id="FB3_2_2"><signal id="Data_B"/><signal id="Data_C"/></pterm><pterm id="FB3_2_3"><signal id="Data_B" negated="ON"/><signal id="Data_C" negated="ON"/></pterm><pterm id="FB3_5_1"><signal id="Data_A"/><signal id="Data_B"/></pterm><pterm id="FB3_5_2"><signal id="Data_A"/><signal id="Data_C"/></pterm><pterm id="FB3_5_3"><signal id="Data_B"/><signal id="Data_C"/></pterm><equation id="R_LSB" negated="ON" userloc="P11"><d1><eq_pterm ptindx="FB3_2_1"/></d1><d2><eq_pterm ptindx="FB3_2_2"/><eq_pterm ptindx="FB3_2_3"/></d2></equation><equation id="R_MSB" userloc="P12"><d2><eq_pterm ptindx="FB3_5_1"/><eq_pterm ptindx="FB3_5_2"/><eq_pterm ptindx="FB3_5_3"/></d2></equation></fblock><fblock id="FB4" inputUse="0" pinUse="0"><macrocell id="FB4_MC1"/><macrocell id="FB4_MC2" pin="FB4_MC2_PIN24"/><macrocell id="FB4_MC3"/><macrocell id="FB4_MC4"/><macrocell id="FB4_MC5" pin="FB4_MC5_PIN25"/><macrocell id="FB4_MC6"/><macrocell id="FB4_MC7"/><macrocell id="FB4_MC8" pin="FB4_MC8_PIN26"/><macrocell id="FB4_MC9" pin="FB4_MC9_PIN27"/><macrocell id="FB4_MC10"/><macrocell id="FB4_MC11" pin="FB4_MC11_PIN28"/><macrocell id="FB4_MC12"/><macrocell id="FB4_MC13"/><macrocell id="FB4_MC14" pin="FB4_MC14_PIN29"/><macrocell id="FB4_MC15" pin="FB4_MC15_PIN33"/><macrocell id="FB4_MC16"/><macrocell id="FB4_MC17" pin="FB4_MC17_PIN34"/><macrocell id="FB4_MC18"/></fblock><vcc/><gnd/><messages><warning>Cpld - Unable to retrieve the path to the iSE Project Repository. Will   use the default filename of 'Prog00.ise'.</warning></messages><compOpts exhaust="OFF" gclkopt="ON" gsropt="ON" gtsopt="ON" ignorets="OFF" inputs="36" keepio="OFF" loc="ON" localfbk="ON" mlopt="ON" optimize="SPEED" part="xc9572-7-PC44" pinfbk="ON" power="STD" prld="LOW" pterms="25" slew="FAST" uim="ON" unused="OFF" wysiwyg="OFF"/></document>
